Image,Target
189.jpg,sattriya
162.jpg,odissi
360.jpg,mohiniyattam
374.jpg,odissi
200.jpg,sattriya
215.jpg,mohiniyattam
375.jpg,odissi
349.jpg,mohiniyattam
48.jpg,sattriya
175.jpg,odissi
439.jpg,odissi
411.jpg,odissi
363.jpg,odissi
217.jpg,odissi
216.jpg,odissi
202.jpg,kathakali
410.jpg,odissi
438.jpg,odissi
61.jpg,mohiniyattam
59.jpg,mohiniyattam
71.jpg,odissi
170.jpg,bharatanatyam
414.jpg,mohiniyattam
366.jpg,odissi
206.jpg,mohiniyattam
429.jpg,bharatanatyam
401.jpg,odissi
373.jpg,odissi
398.jpg,odissi
171.jpg,odissi
64.jpg,odissi
198.jpg,mohiniyattam
173.jpg,odissi
239.jpg,kathakali
238.jpg,sattriya
210.jpg,odissi
358.jpg,mohiniyattam
416.jpg,odissi
67.jpg,bharatanatyam
9.jpg,bharatanatyam
14.jpg,odissi
28.jpg,sattriya
129.jpg,odissi
465.jpg,odissi
317.jpg,bharatanatyam
505.jpg,odissi
510.jpg,odissi
316.jpg,mohiniyattam
470.jpg,odissi
302.jpg,mohiniyattam
458.jpg,odissi
114.jpg,odissi
128.jpg,odissi
17.jpg,odissi
506.jpg,bharatanatyam
275.jpg,mohiniyattam
507.jpg,odissi
301.jpg,odissi
467.jpg,odissi
473.jpg,odissi
498.jpg,odissi
463.jpg,odissi
517.jpg,odissi
271.jpg,mohiniyattam
270.jpg,mohiniyattam
264.jpg,odissi
112.jpg,bharatanatyam
13.jpg,sattriya
11.jpg,bharatanatyam
110.jpg,odissi
138.jpg,odissi
306.jpg,mohiniyattam
460.jpg,sattriya
448.jpg,odissi
514.jpg,bharatanatyam
461.jpg,odissi
38.jpg,odissi
35.jpg,odissi
108.jpg,odissi
487.jpg,odissi
518.jpg,odissi
256.jpg,mohiniyattam
280.jpg,mohiniyattam
323.jpg,odissi
479.jpg,mohiniyattam
34.jpg,bharatanatyam
20.jpg,odissi
484.jpg,odissi
447.jpg,odissi
269.jpg,odissi
283.jpg,mohiniyattam
485.jpg,odissi
23.jpg,odissi
33.jpg,mohiniyattam
132.jpg,sattriya
495.jpg,odissi
330.jpg,odissi
456.jpg,mohiniyattam
324.jpg,mohiniyattam
318.jpg,mohiniyattam
278.jpg,mohiniyattam
292.jpg,sattriya
286.jpg,mohiniyattam
457.jpg,mohiniyattam
125.jpg,odissi
119.jpg,bharatanatyam
482.jpg,odissi
441.jpg,odissi
290.jpg,sattriya
284.jpg,mohiniyattam
508.jpg,odissi
520.jpg,odissi
246.jpg,mohiniyattam
285.jpg,mohiniyattam
291.jpg,odissi
332.jpg,sattriya
440.jpg,odissi
194.jpg,odissi
95.jpg,odissi
157.jpg,bharatanatyam
220.jpg,bharatanatyam
354.jpg,odissi
340.jpg,mohiniyattam
80.jpg,mohiniyattam
57.jpg,bharatanatyam
55.jpg,mohiniyattam
41.jpg,odissi
183.jpg,mohiniyattam
424.jpg,mohiniyattam
431.jpg,kathakali
380.jpg,odissi
394.jpg,bharatanatyam
97.jpg,bharatanatyam
196.jpg,kathakali
40.jpg,bharatanatyam
6.jpg,odissi
145.jpg,bharatanatyam
390.jpg,odissi
421.jpg,odissi
232.jpg,kathakali
226.jpg,bharatanatyam
346.jpg,odissi
385.jpg,odissi
86.jpg,bharatanatyam
92.jpg,mohiniyattam
150.jpg,odissi
45.jpg,mohiniyattam
193.jpg,odissi
146.jpg,odissi
152.jpg,odissi
378.jpg,odissi
224.jpg,kathakali
437.jpg,odissi
392.jpg,odissi
386.jpg,odissi
147.jpg,odissi
