Image,target
189.jpg,kathakali
162.jpg,mohiniyattam
360.jpg,bharatanatyam
374.jpg,kuchipudi
200.jpg,kathakali
215.jpg,kathakali
375.jpg,mohiniyattam
349.jpg,sattriya
48.jpg,odissi
175.jpg,kuchipudi
439.jpg,odissi
411.jpg,odissi
363.jpg,manipuri
217.jpg,kathakali
216.jpg,kathakali
202.jpg,kathakali
410.jpg,kuchipudi
438.jpg,kuchipudi
61.jpg,odissi
59.jpg,bharatanatyam
71.jpg,manipuri
170.jpg,odissi
414.jpg,odissi
366.jpg,sattriya
206.jpg,kathakali
429.jpg,odissi
401.jpg,odissi
373.jpg,kuchipudi
398.jpg,kuchipudi
171.jpg,bharatanatyam
64.jpg,kathak
198.jpg,kathakali
173.jpg,odissi
239.jpg,kathakali
238.jpg,kathakali
210.jpg,odissi
358.jpg,kuchipudi
416.jpg,odissi
67.jpg,bharatanatyam
9.jpg,kathak
14.jpg,odissi
28.jpg,bharatanatyam
129.jpg,bharatanatyam
465.jpg,odissi
317.jpg,kuchipudi
505.jpg,odissi
510.jpg,odissi
316.jpg,sattriya
470.jpg,odissi
302.jpg,odissi
458.jpg,odissi
114.jpg,odissi
128.jpg,bharatanatyam
17.jpg,odissi
506.jpg,odissi
275.jpg,sattriya
507.jpg,odissi
301.jpg,kuchipudi
467.jpg,odissi
473.jpg,odissi
498.jpg,odissi
463.jpg,odissi
517.jpg,odissi
271.jpg,mohiniyattam
270.jpg,odissi
264.jpg,mohiniyattam
112.jpg,odissi
13.jpg,kathak
11.jpg,kuchipudi
110.jpg,manipuri
138.jpg,kuchipudi
306.jpg,mohiniyattam
460.jpg,mohiniyattam
448.jpg,odissi
514.jpg,odissi
461.jpg,sattriya
38.jpg,bharatanatyam
35.jpg,odissi
108.jpg,manipuri
487.jpg,odissi
518.jpg,odissi
256.jpg,odissi
280.jpg,kuchipudi
323.jpg,sattriya
479.jpg,sattriya
34.jpg,bharatanatyam
20.jpg,bharatanatyam
484.jpg,odissi
447.jpg,odissi
269.jpg,mohiniyattam
283.jpg,mohiniyattam
485.jpg,odissi
23.jpg,odissi
33.jpg,odissi
132.jpg,mohiniyattam
495.jpg,odissi
330.jpg,mohiniyattam
456.jpg,odissi
324.jpg,sattriya
318.jpg,sattriya
278.jpg,odissi
292.jpg,mohiniyattam
286.jpg,kuchipudi
457.jpg,odissi
125.jpg,kuchipudi
119.jpg,odissi
482.jpg,odissi
441.jpg,kuchipudi
290.jpg,mohiniyattam
284.jpg,mohiniyattam
508.jpg,sattriya
520.jpg,odissi
246.jpg,sattriya
285.jpg,kuchipudi
291.jpg,mohiniyattam
332.jpg,sattriya
440.jpg,kuchipudi
194.jpg,kathakali
95.jpg,manipuri
157.jpg,odissi
220.jpg,kathakali
354.jpg,mohiniyattam
340.jpg,sattriya
80.jpg,manipuri
57.jpg,odissi
55.jpg,kuchipudi
41.jpg,odissi
183.jpg,kathakali
424.jpg,sattriya
431.jpg,manipuri
380.jpg,odissi
394.jpg,odissi
97.jpg,manipuri
196.jpg,kathakali
40.jpg,kathak
6.jpg,odissi
145.jpg,mohiniyattam
390.jpg,kuchipudi
421.jpg,sattriya
232.jpg,kathakali
226.jpg,sattriya
346.jpg,bharatanatyam
385.jpg,odissi
86.jpg,bharatanatyam
92.jpg,manipuri
150.jpg,odissi
45.jpg,odissi
193.jpg,kathakali
146.jpg,mohiniyattam
152.jpg,mohiniyattam
378.jpg,odissi
224.jpg,kathakali
437.jpg,kuchipudi
392.jpg,odissi
386.jpg,odissi
147.jpg,sattriya
